Index,I (A),H (mT)
0,0,-0.3219805
1,2,-8.0835505