Index,I (A),H (mT)
0,0.2,-1.0981375
1,0.205,-1.117541425
2,0.21,-1.13694535
3,0.215,-1.156349275
4,0.22,-1.1757532