Index,I (A),H (mT)
0,0.295,1.636525
1,0.3,1.6585
2,0.305,1.680475
3,0.31,1.70245
4,0.315,1.724425
5,0.32,1.7464
6,0.325,1.768375