Index,I (A),H (mT)
0,0.2,1.219
1,0.205,1.240975
2,0.21,1.26295
3,0.215,1.284925
4,0.22,1.3069