Index,I (A),H (mT)
0,0.23,-1.35085
1,0.232,-1.35964
2,0.234,-1.36843
3,0.236,-1.37722
4,0.238,-1.38601
5,0.24,-1.3948
6,0.242,-1.40359
7,0.24,-1.3948
8,0.246,-1.42117